feature,iv,useful
V201,0.644065,True
V200,0.619511,True
V189,0.598701,True
C4,0.581863,True
C8,0.566457,True
V188,0.559567,True
C10,0.535866,True
C12,0.51937,True
C7,0.510249,True
V171,0.505521,True
V259,0.488354,True
V170,0.481382,True
V245,0.458797,True
card3,0.44626,True
V222,0.42671,True
V221,0.371234,True
D5,0.349308,True
D3,0.294698,True
addr1,0.282537,True
V261,0.281292,True
D2,0.275771,True
D10,0.270241,True
V262,0.266697,True
D11,0.245928,True
C2,0.235269,True
D15,0.234423,True
D1,0.234,True
V195,0.232177,True
V52,0.229311,True
V198,0.222197,True
V194,0.221182,True
C1,0.214559,True
V156,0.213268,True
V283,0.21244,True
V149,0.212418,True
V251,0.212315,True
V317,0.209259,True
V197,0.205065,True
V256,0.20029,True
V40,0.194263,True
V260,0.190295,True
V154,0.177518,True
V155,0.177137,True
V250,0.177081,True
V255,0.176434,True
V148,0.174621,True
C5,0.171277,True
V282,0.168111,True
V294,0.167223,True
C11,0.1664,True
V153,0.16062,True
V308,0.150641,True
V158,0.150293,True
V280,0.144845,True
V126,0.137846,True
V97,0.131429,True
D9,0.129694,True
V303,0.127974,True
V128,0.126629,True
V95,0.125316,True
V157,0.120365,True
V67,0.119907,True
TransactionAmt,0.118617,True
log_TransactionAmt,0.118617,True
V43,0.116208,True
D4,0.112425,True
V306,0.108907,True
V140,0.108518,True
C6,0.106421,True
V81,0.101973,True
V62,0.096166,True
V304,0.094192,True
dist1,0.093739,True
V139,0.090323,True
V279,0.08868,True
card1_amount_delta,0.085741,True
C13,0.078875,True
V83,0.075784,True
V307,0.07501,True
dist2,0.074064,True
V61,0.071711,True
V60,0.06662,True
V292,0.063564,True
V66,0.062879,True
TransactionDT_hour,0.061826,True
V82,0.060753,True
card1,0.060429,True
C9,0.057774,True
V85,0.05556,True
V130,0.054126,True
V291,0.052592,True
V315,0.051532,True
V64,0.051289,True
V312,0.047339,True
V54,0.045601,True
card2,0.042775,True
V127,0.041681,True
V289,0.039124,True
V313,0.036208,True
V314,0.035456,True
V13,0.032926,True
V96,0.032759,True
card5,0.031906,True
V287,0.030135,True
V131,0.026423,True
C14,0.023109,True
V76,0.022872,True
card1_amount_ratio,0.020641,True
V19,0.019904,False
V288,0.019829,False
V310,0.018827,False
V20,0.017385,False
V30,0.016765,False
V26,0.015763,False
V70,0.013976,False
V91,0.013677,False
V100,0.013338,False
V99,0.010319,False
V11,0.00994,False
V49,0.005693,False
D8,0.005452,False
V36,0.005053,False
V285,0.004553,False
V69,0.004374,False
V5,0.00417,False
TransactionDT_dow,0.003747,False
V90,0.002771,False
V4,0.001666,False
time_of_day,0.000159,False
V333_clip_high,0.0,False
V333_clip_low,0.0,False
V333_isna,0.0,False
V332,0.0,False
V332_clip_high,0.0,False
V332_clip_low,0.0,False
V332_isna,0.0,False
V331,0.0,False
V331_clip_high,0.0,False
V331_clip_low,0.0,False
V331_isna,0.0,False
V330,0.0,False
V330_clip_high,0.0,False
V330_clip_low,0.0,False
V335_clip_low,0.0,False
V335_isna,0.0,False
V334,0.0,False
V334_clip_high,0.0,False
V334_clip_low,0.0,False
card3_clip_high,0.0,False
is_first_trx,0.0,False
is_integer_amount,0.0,False
TransactionDT_clip_low,0.0,False
D11_clip_high,0.0,False
D11_clip_low,0.0,False
D11_isna,0.0,False
D10_clip_high,0.0,False
D10_clip_low,0.0,False
D10_isna,0.0,False
D9_clip_high,0.0,False
D9_clip_low,0.0,False
V2_isna,0.0,False
V1,0.0,False
V1_clip_high,0.0,False
V1_clip_low,0.0,False
V1_isna,0.0,False
D15_clip_high,0.0,False
D15_clip_low,0.0,False
D15_isna,0.0,False
D14,0.0,False
D14_clip_high,0.0,False
D14_clip_low,0.0,False
D14_isna,0.0,False
D13,0.0,False
D13_clip_high,0.0,False
D13_clip_low,0.0,False
V6_isna,0.0,False
V5_clip_high,0.0,False
V5_clip_low,0.0,False
V5_isna,0.0,False
V4_clip_high,0.0,False
V4_clip_low,0.0,False
V4_isna,0.0,False
V3,0.0,False
V3_clip_high,0.0,False
V3_clip_low,0.0,False
V3_isna,0.0,False
V2,0.0,False
V2_clip_high,0.0,False
V2_clip_low,0.0,False
V10_isna,0.0,False
V9,0.0,False
V9_clip_high,0.0,False
V9_clip_low,0.0,False
V9_isna,0.0,False
V8,0.0,False
V8_clip_high,0.0,False
V8_clip_low,0.0,False
V8_isna,0.0,False
V7,0.0,False
V7_clip_high,0.0,False
V7_clip_low,0.0,False
V7_isna,0.0,False
V6,0.0,False
V6_clip_high,0.0,False
V6_clip_low,0.0,False
V14_isna,0.0,False
V13_clip_high,0.0,False
V13_clip_low,0.0,False
V13_isna,0.0,False
V12,0.0,False
V12_clip_high,0.0,False
V12_clip_low,0.0,False
V12_isna,0.0,False
V11_clip_high,0.0,False
V11_clip_low,0.0,False
V11_isna,0.0,False
V10,0.0,False
V10_clip_high,0.0,False
V10_clip_low,0.0,False
V18_isna,0.0,False
V17,0.0,False
V17_clip_high,0.0,False
V17_clip_low,0.0,False
V17_isna,0.0,False
V16,0.0,False
V16_clip_high,0.0,False
V16_clip_low,0.0,False
V16_isna,0.0,False
V15,0.0,False
V15_clip_high,0.0,False
V15_clip_low,0.0,False
V15_isna,0.0,False
V14,0.0,False
V14_clip_high,0.0,False
V14_clip_low,0.0,False
V22_isna,0.0,False
V21,0.0,False
V21_clip_high,0.0,False
V21_clip_low,0.0,False
V21_isna,0.0,False
V20_clip_high,0.0,False
V20_clip_low,0.0,False
V20_isna,0.0,False
V19_clip_high,0.0,False
V19_clip_low,0.0,False
V19_isna,0.0,False
V18,0.0,False
V18_clip_high,0.0,False
V18_clip_low,0.0,False
V26_isna,0.0,False
V25,0.0,False
V25_clip_high,0.0,False
V25_clip_low,0.0,False
V25_isna,0.0,False
V24,0.0,False
V24_clip_high,0.0,False
V24_clip_low,0.0,False
V24_isna,0.0,False
V23,0.0,False
V23_clip_high,0.0,False
V23_clip_low,0.0,False
V23_isna,0.0,False
V22,0.0,False
V22_clip_high,0.0,False
V22_clip_low,0.0,False
V30_isna,0.0,False
V29,0.0,False
V29_clip_high,0.0,False
V29_clip_low,0.0,False
V29_isna,0.0,False
V28,0.0,False
V28_clip_high,0.0,False
V28_clip_low,0.0,False
V28_isna,0.0,False
V27,0.0,False
V27_clip_high,0.0,False
V27_clip_low,0.0,False
V27_isna,0.0,False
V26_clip_high,0.0,False
V26_clip_low,0.0,False
V34_isna,0.0,False
V33,0.0,False
V33_clip_high,0.0,False
V33_clip_low,0.0,False
V33_isna,0.0,False
V32,0.0,False
V32_clip_high,0.0,False
V32_clip_low,0.0,False
V32_isna,0.0,False
V31,0.0,False
V31_clip_high,0.0,False
V31_clip_low,0.0,False
V31_isna,0.0,False
V30_clip_high,0.0,False
V30_clip_low,0.0,False
V38_isna,0.0,False
V37,0.0,False
V37_clip_high,0.0,False
V37_clip_low,0.0,False
V37_isna,0.0,False
V36_clip_high,0.0,False
V36_clip_low,0.0,False
V36_isna,0.0,False
V35,0.0,False
V35_clip_high,0.0,False
V35_clip_low,0.0,False
V35_isna,0.0,False
V34,0.0,False
V34_clip_high,0.0,False
V34_clip_low,0.0,False
V42_isna,0.0,False
V41,0.0,False
V41_clip_high,0.0,False
V41_clip_low,0.0,False
V41_isna,0.0,False
V40_clip_high,0.0,False
V40_clip_low,0.0,False
V40_isna,0.0,False
V39,0.0,False
V39_clip_high,0.0,False
V39_clip_low,0.0,False
V39_isna,0.0,False
V38,0.0,False
V38_clip_high,0.0,False
V38_clip_low,0.0,False
V46_isna,0.0,False
V45,0.0,False
V45_clip_high,0.0,False
V45_clip_low,0.0,False
V45_isna,0.0,False
V44,0.0,False
V44_clip_high,0.0,False
V44_clip_low,0.0,False
V44_isna,0.0,False
V43_clip_high,0.0,False
V43_clip_low,0.0,False
V43_isna,0.0,False
V42,0.0,False
V42_clip_high,0.0,False
V42_clip_low,0.0,False
V50_isna,0.0,False
V49_clip_high,0.0,False
V49_clip_low,0.0,False
V49_isna,0.0,False
V48,0.0,False
V48_clip_high,0.0,False
V48_clip_low,0.0,False
V48_isna,0.0,False
V47,0.0,False
V47_clip_high,0.0,False
V47_clip_low,0.0,False
V47_isna,0.0,False
V46,0.0,False
V46_clip_high,0.0,False
V46_clip_low,0.0,False
V54_isna,0.0,False
V53,0.0,False
V53_clip_high,0.0,False
V53_clip_low,0.0,False
V53_isna,0.0,False
V52_clip_high,0.0,False
V52_clip_low,0.0,False
V52_isna,0.0,False
V51,0.0,False
V51_clip_high,0.0,False
V51_clip_low,0.0,False
V51_isna,0.0,False
V50,0.0,False
V50_clip_high,0.0,False
V50_clip_low,0.0,False
V58_isna,0.0,False
V57,0.0,False
V57_clip_high,0.0,False
V57_clip_low,0.0,False
V57_isna,0.0,False
V56,0.0,False
V56_clip_high,0.0,False
V56_clip_low,0.0,False
V56_isna,0.0,False
V55,0.0,False
V55_clip_high,0.0,False
V55_clip_low,0.0,False
V55_isna,0.0,False
V54_clip_high,0.0,False
V54_clip_low,0.0,False
V62_isna,0.0,False
V61_clip_high,0.0,False
V61_clip_low,0.0,False
V61_isna,0.0,False
V60_clip_high,0.0,False
V60_clip_low,0.0,False
V60_isna,0.0,False
V59,0.0,False
V59_clip_high,0.0,False
V59_clip_low,0.0,False
V59_isna,0.0,False
V58,0.0,False
V58_clip_high,0.0,False
V58_clip_low,0.0,False
V66_isna,0.0,False
V65,0.0,False
V65_clip_high,0.0,False
V65_clip_low,0.0,False
V65_isna,0.0,False
V64_clip_high,0.0,False
V64_clip_low,0.0,False
V64_isna,0.0,False
V63,0.0,False
V63_clip_high,0.0,False
V63_clip_low,0.0,False
V63_isna,0.0,False
V62_clip_high,0.0,False
V62_clip_low,0.0,False
V70_isna,0.0,False
V69_clip_high,0.0,False
V69_clip_low,0.0,False
V69_isna,0.0,False
V68,0.0,False
V68_clip_high,0.0,False
V68_clip_low,0.0,False
V68_isna,0.0,False
V67_clip_high,0.0,False
V67_clip_low,0.0,False
V67_isna,0.0,False
V66_clip_high,0.0,False
V66_clip_low,0.0,False
V74_isna,0.0,False
V73,0.0,False
V73_clip_high,0.0,False
V73_clip_low,0.0,False
V73_isna,0.0,False
V72,0.0,False
V72_clip_high,0.0,False
V72_clip_low,0.0,False
V72_isna,0.0,False
V71,0.0,False
V71_clip_high,0.0,False
V71_clip_low,0.0,False
V71_isna,0.0,False
V70_clip_high,0.0,False
V70_clip_low,0.0,False
V78_isna,0.0,False
V77,0.0,False
V77_clip_high,0.0,False
V77_clip_low,0.0,False
V77_isna,0.0,False
V76_clip_high,0.0,False
V76_clip_low,0.0,False
V76_isna,0.0,False
V75,0.0,False
V75_clip_high,0.0,False
V75_clip_low,0.0,False
V75_isna,0.0,False
V74,0.0,False
V74_clip_high,0.0,False
V74_clip_low,0.0,False
V82_isna,0.0,False
V81_clip_high,0.0,False
V81_clip_low,0.0,False
V81_isna,0.0,False
V80,0.0,False
V80_clip_high,0.0,False
V80_clip_low,0.0,False
V80_isna,0.0,False
V79,0.0,False
V79_clip_high,0.0,False
V79_clip_low,0.0,False
V79_isna,0.0,False
V78,0.0,False
V78_clip_high,0.0,False
V78_clip_low,0.0,False
V86_isna,0.0,False
V85_clip_high,0.0,False
V85_clip_low,0.0,False
V85_isna,0.0,False
D7,0.0,False
D7_clip_high,0.0,False
D7_clip_low,0.0,False
D7_isna,0.0,False
D6,0.0,False
D6_clip_high,0.0,False
D6_clip_low,0.0,False
D6_isna,0.0,False
D5_clip_high,0.0,False
D5_clip_low,0.0,False
D13_isna,0.0,False
D12,0.0,False
D12_clip_high,0.0,False
D12_clip_low,0.0,False
D12_isna,0.0,False
V84,0.0,False
V84_clip_high,0.0,False
V84_clip_low,0.0,False
V84_isna,0.0,False
V83_clip_high,0.0,False
V83_clip_low,0.0,False
V83_isna,0.0,False
V82_clip_high,0.0,False
V82_clip_low,0.0,False
V90_isna,0.0,False
V89,0.0,False
V89_clip_high,0.0,False
V89_clip_low,0.0,False
V89_isna,0.0,False
V88,0.0,False
V88_clip_high,0.0,False
V88_clip_low,0.0,False
V88_isna,0.0,False
V87,0.0,False
V87_clip_high,0.0,False
V87_clip_low,0.0,False
V87_isna,0.0,False
V86,0.0,False
V86_clip_high,0.0,False
V86_clip_low,0.0,False
V94_isna,0.0,False
V93,0.0,False
V93_clip_high,0.0,False
V93_clip_low,0.0,False
V93_isna,0.0,False
V92,0.0,False
V92_clip_high,0.0,False
V92_clip_low,0.0,False
V92_isna,0.0,False
V91_clip_high,0.0,False
V91_clip_low,0.0,False
V91_isna,0.0,False
V90_clip_high,0.0,False
V90_clip_low,0.0,False
V98_isna,0.0,False
V97_clip_high,0.0,False
V97_clip_low,0.0,False
V97_isna,0.0,False
V96_clip_high,0.0,False
V96_clip_low,0.0,False
V96_isna,0.0,False
V95_clip_high,0.0,False
V95_clip_low,0.0,False
V95_isna,0.0,False
V94,0.0,False
V94_clip_high,0.0,False
V94_clip_low,0.0,False
V102_isna,0.0,False
V101,0.0,False
V101_clip_high,0.0,False
V101_clip_low,0.0,False
V101_isna,0.0,False
V100_clip_high,0.0,False
V100_clip_low,0.0,False
V100_isna,0.0,False
V99_clip_high,0.0,False
V99_clip_low,0.0,False
V99_isna,0.0,False
V98,0.0,False
V98_clip_high,0.0,False
V98_clip_low,0.0,False
V106_isna,0.0,False
V105,0.0,False
V105_clip_high,0.0,False
V105_clip_low,0.0,False
V105_isna,0.0,False
V104,0.0,False
V104_clip_high,0.0,False
V104_clip_low,0.0,False
V104_isna,0.0,False
V103,0.0,False
V103_clip_high,0.0,False
V103_clip_low,0.0,False
V103_isna,0.0,False
V102,0.0,False
V102_clip_high,0.0,False
V102_clip_low,0.0,False
V110_isna,0.0,False
V109,0.0,False
V109_clip_high,0.0,False
V109_clip_low,0.0,False
V109_isna,0.0,False
V108,0.0,False
V108_clip_high,0.0,False
V108_clip_low,0.0,False
V108_isna,0.0,False
V107,0.0,False
V107_clip_high,0.0,False
V107_clip_low,0.0,False
V107_isna,0.0,False
V106,0.0,False
V106_clip_high,0.0,False
V106_clip_low,0.0,False
V114_isna,0.0,False
V113,0.0,False
V113_clip_high,0.0,False
V113_clip_low,0.0,False
V113_isna,0.0,False
V112,0.0,False
V112_clip_high,0.0,False
V112_clip_low,0.0,False
V112_isna,0.0,False
V111,0.0,False
V111_clip_high,0.0,False
V111_clip_low,0.0,False
V111_isna,0.0,False
V110,0.0,False
V110_clip_high,0.0,False
V110_clip_low,0.0,False
V118_isna,0.0,False
V117,0.0,False
V117_clip_high,0.0,False
V117_clip_low,0.0,False
V117_isna,0.0,False
V116,0.0,False
V116_clip_high,0.0,False
V116_clip_low,0.0,False
V116_isna,0.0,False
V115,0.0,False
V115_clip_high,0.0,False
V115_clip_low,0.0,False
V115_isna,0.0,False
V114,0.0,False
V114_clip_high,0.0,False
V114_clip_low,0.0,False
V122_isna,0.0,False
V121,0.0,False
V121_clip_high,0.0,False
V121_clip_low,0.0,False
V121_isna,0.0,False
V120,0.0,False
V120_clip_high,0.0,False
V120_clip_low,0.0,False
V120_isna,0.0,False
V119,0.0,False
V119_clip_high,0.0,False
V119_clip_low,0.0,False
V119_isna,0.0,False
V118,0.0,False
V118_clip_high,0.0,False
V118_clip_low,0.0,False
V126_isna,0.0,False
V125,0.0,False
V125_clip_high,0.0,False
V125_clip_low,0.0,False
V125_isna,0.0,False
V124,0.0,False
V124_clip_high,0.0,False
V124_clip_low,0.0,False
V124_isna,0.0,False
V123,0.0,False
V123_clip_high,0.0,False
V123_clip_low,0.0,False
V123_isna,0.0,False
V122,0.0,False
V122_clip_high,0.0,False
V122_clip_low,0.0,False
V130_isna,0.0,False
V129,0.0,False
V129_clip_high,0.0,False
V129_clip_low,0.0,False
V129_isna,0.0,False
V128_clip_high,0.0,False
V128_clip_low,0.0,False
V128_isna,0.0,False
V127_clip_high,0.0,False
V127_clip_low,0.0,False
V127_isna,0.0,False
V126_clip_high,0.0,False
V126_clip_low,0.0,False
V134_isna,0.0,False
V133,0.0,False
V133_clip_high,0.0,False
V133_clip_low,0.0,False
V133_isna,0.0,False
V132,0.0,False
V132_clip_high,0.0,False
V132_clip_low,0.0,False
V132_isna,0.0,False
V131_clip_high,0.0,False
V131_clip_low,0.0,False
V131_isna,0.0,False
V130_clip_high,0.0,False
V130_clip_low,0.0,False
V138_isna,0.0,False
V137,0.0,False
V137_clip_high,0.0,False
V137_clip_low,0.0,False
V137_isna,0.0,False
V136,0.0,False
V136_clip_high,0.0,False
V136_clip_low,0.0,False
V136_isna,0.0,False
V135,0.0,False
V135_clip_high,0.0,False
V135_clip_low,0.0,False
V135_isna,0.0,False
V134,0.0,False
V134_clip_high,0.0,False
V134_clip_low,0.0,False
V142_isna,0.0,False
V141,0.0,False
V141_clip_high,0.0,False
V141_clip_low,0.0,False
V141_isna,0.0,False
V140_clip_high,0.0,False
V140_clip_low,0.0,False
V140_isna,0.0,False
V139_clip_high,0.0,False
V139_clip_low,0.0,False
V139_isna,0.0,False
V138,0.0,False
V138_clip_high,0.0,False
V138_clip_low,0.0,False
V146_isna,0.0,False
V145,0.0,False
V145_clip_high,0.0,False
V145_clip_low,0.0,False
V145_isna,0.0,False
V144,0.0,False
V144_clip_high,0.0,False
V144_clip_low,0.0,False
V144_isna,0.0,False
V143,0.0,False
V143_clip_high,0.0,False
V143_clip_low,0.0,False
V143_isna,0.0,False
V142,0.0,False
V142_clip_high,0.0,False
V142_clip_low,0.0,False
V150_isna,0.0,False
V149_clip_high,0.0,False
V149_clip_low,0.0,False
V149_isna,0.0,False
D3_clip_high,0.0,False
D3_clip_low,0.0,False
D3_isna,0.0,False
D2_clip_high,0.0,False
D2_clip_low,0.0,False
D2_isna,0.0,False
D1_clip_high,0.0,False
D1_clip_low,0.0,False
D9_isna,0.0,False
D8_clip_high,0.0,False
D8_clip_low,0.0,False
D8_isna,0.0,False
V148_clip_high,0.0,False
V148_clip_low,0.0,False
V148_isna,0.0,False
V147,0.0,False
V147_clip_high,0.0,False
V147_clip_low,0.0,False
V147_isna,0.0,False
V146,0.0,False
V146_clip_high,0.0,False
V146_clip_low,0.0,False
V154_isna,0.0,False
V153_clip_high,0.0,False
V153_clip_low,0.0,False
V153_isna,0.0,False
V152,0.0,False
V152_clip_high,0.0,False
V152_clip_low,0.0,False
V152_isna,0.0,False
V151,0.0,False
V151_clip_high,0.0,False
V151_clip_low,0.0,False
V151_isna,0.0,False
V150,0.0,False
V150_clip_high,0.0,False
V150_clip_low,0.0,False
V158_isna,0.0,False
V157_clip_high,0.0,False
V157_clip_low,0.0,False
V157_isna,0.0,False
V156_clip_high,0.0,False
V156_clip_low,0.0,False
V156_isna,0.0,False
V155_clip_high,0.0,False
V155_clip_low,0.0,False
V155_isna,0.0,False
V154_clip_high,0.0,False
V154_clip_low,0.0,False
V162_isna,0.0,False
V161,0.0,False
V161_clip_high,0.0,False
V161_clip_low,0.0,False
V161_isna,0.0,False
V160,0.0,False
V160_clip_high,0.0,False
V160_clip_low,0.0,False
V160_isna,0.0,False
V159,0.0,False
V159_clip_high,0.0,False
V159_clip_low,0.0,False
V159_isna,0.0,False
V158_clip_high,0.0,False
V158_clip_low,0.0,False
V166_isna,0.0,False
V165,0.0,False
V165_clip_high,0.0,False
V165_clip_low,0.0,False
V165_isna,0.0,False
V164,0.0,False
V164_clip_high,0.0,False
V164_clip_low,0.0,False
V164_isna,0.0,False
V163,0.0,False
V163_clip_high,0.0,False
V163_clip_low,0.0,False
V163_isna,0.0,False
V162,0.0,False
V162_clip_high,0.0,False
V162_clip_low,0.0,False
V170_isna,0.0,False
V169,0.0,False
V169_clip_high,0.0,False
V169_clip_low,0.0,False
V169_isna,0.0,False
V168,0.0,False
V168_clip_high,0.0,False
V168_clip_low,0.0,False
V168_isna,0.0,False
V167,0.0,False
V167_clip_high,0.0,False
V167_clip_low,0.0,False
V167_isna,0.0,False
V166,0.0,False
V166_clip_high,0.0,False
V166_clip_low,0.0,False
V174_isna,0.0,False
V173,0.0,False
V173_clip_high,0.0,False
V173_clip_low,0.0,False
V173_isna,0.0,False
V172,0.0,False
V172_clip_high,0.0,False
V172_clip_low,0.0,False
V172_isna,0.0,False
V171_clip_high,0.0,False
V171_clip_low,0.0,False
V171_isna,0.0,False
V170_clip_high,0.0,False
V170_clip_low,0.0,False
V178_isna,0.0,False
V177,0.0,False
V177_clip_high,0.0,False
V177_clip_low,0.0,False
V177_isna,0.0,False
V176,0.0,False
V176_clip_high,0.0,False
V176_clip_low,0.0,False
V176_isna,0.0,False
V175,0.0,False
V175_clip_high,0.0,False
V175_clip_low,0.0,False
V175_isna,0.0,False
V174,0.0,False
V174_clip_high,0.0,False
V174_clip_low,0.0,False
V182_isna,0.0,False
V181,0.0,False
V181_clip_high,0.0,False
V181_clip_low,0.0,False
V181_isna,0.0,False
V180,0.0,False
V180_clip_high,0.0,False
V180_clip_low,0.0,False
V180_isna,0.0,False
V179,0.0,False
V179_clip_high,0.0,False
V179_clip_low,0.0,False
V179_isna,0.0,False
V178,0.0,False
V178_clip_high,0.0,False
V178_clip_low,0.0,False
V186_isna,0.0,False
V185,0.0,False
V185_clip_high,0.0,False
V185_clip_low,0.0,False
V185_isna,0.0,False
V184,0.0,False
V184_clip_high,0.0,False
V184_clip_low,0.0,False
V184_isna,0.0,False
V183,0.0,False
V183_clip_high,0.0,False
V183_clip_low,0.0,False
V183_isna,0.0,False
V182,0.0,False
V182_clip_high,0.0,False
V182_clip_low,0.0,False
V190_isna,0.0,False
V189_clip_high,0.0,False
V189_clip_low,0.0,False
V189_isna,0.0,False
V188_clip_high,0.0,False
V188_clip_low,0.0,False
V188_isna,0.0,False
V187,0.0,False
V187_clip_high,0.0,False
V187_clip_low,0.0,False
V187_isna,0.0,False
V186,0.0,False
V186_clip_high,0.0,False
V186_clip_low,0.0,False
V194_isna,0.0,False
V193,0.0,False
V193_clip_high,0.0,False
V193_clip_low,0.0,False
V193_isna,0.0,False
V192,0.0,False
V192_clip_high,0.0,False
V192_clip_low,0.0,False
V192_isna,0.0,False
V191,0.0,False
V191_clip_high,0.0,False
V191_clip_low,0.0,False
V191_isna,0.0,False
V190,0.0,False
V190_clip_high,0.0,False
V190_clip_low,0.0,False
V198_isna,0.0,False
V197_clip_high,0.0,False
V197_clip_low,0.0,False
V197_isna,0.0,False
C13_clip_high,0.0,False
C13_clip_low,0.0,False
C12_clip_high,0.0,False
C12_clip_low,0.0,False
C11_clip_high,0.0,False
C11_clip_low,0.0,False
C10_clip_high,0.0,False
C10_clip_low,0.0,False
D5_isna,0.0,False
D4_clip_high,0.0,False
D4_clip_low,0.0,False
D4_isna,0.0,False
V196,0.0,False
V196_clip_high,0.0,False
V196_clip_low,0.0,False
V196_isna,0.0,False
V195_clip_high,0.0,False
V195_clip_low,0.0,False
V195_isna,0.0,False
V194_clip_high,0.0,False
V194_clip_low,0.0,False
V202_isna,0.0,False
V201_clip_high,0.0,False
V201_clip_low,0.0,False
V201_isna,0.0,False
V200_clip_high,0.0,False
V200_clip_low,0.0,False
V200_isna,0.0,False
V199,0.0,False
V199_clip_high,0.0,False
V199_clip_low,0.0,False
V199_isna,0.0,False
V198_clip_high,0.0,False
V198_clip_low,0.0,False
V206_isna,0.0,False
V205,0.0,False
V205_clip_high,0.0,False
V205_clip_low,0.0,False
V205_isna,0.0,False
V204,0.0,False
V204_clip_high,0.0,False
V204_clip_low,0.0,False
V204_isna,0.0,False
V203,0.0,False
V203_clip_high,0.0,False
V203_clip_low,0.0,False
V203_isna,0.0,False
V202,0.0,False
V202_clip_high,0.0,False
V202_clip_low,0.0,False
V210_isna,0.0,False
V209,0.0,False
V209_clip_high,0.0,False
V209_clip_low,0.0,False
V209_isna,0.0,False
V208,0.0,False
V208_clip_high,0.0,False
V208_clip_low,0.0,False
V208_isna,0.0,False
V207,0.0,False
V207_clip_high,0.0,False
V207_clip_low,0.0,False
V207_isna,0.0,False
V206,0.0,False
V206_clip_high,0.0,False
V206_clip_low,0.0,False
V214_isna,0.0,False
V213,0.0,False
V213_clip_high,0.0,False
V213_clip_low,0.0,False
V213_isna,0.0,False
V212,0.0,False
V212_clip_high,0.0,False
V212_clip_low,0.0,False
V212_isna,0.0,False
V211,0.0,False
V211_clip_high,0.0,False
V211_clip_low,0.0,False
V211_isna,0.0,False
V210,0.0,False
V210_clip_high,0.0,False
V210_clip_low,0.0,False
V218_isna,0.0,False
V217,0.0,False
V217_clip_high,0.0,False
V217_clip_low,0.0,False
V217_isna,0.0,False
V216,0.0,False
V216_clip_high,0.0,False
V216_clip_low,0.0,False
V216_isna,0.0,False
V215,0.0,False
V215_clip_high,0.0,False
V215_clip_low,0.0,False
V215_isna,0.0,False
V214,0.0,False
V214_clip_high,0.0,False
V214_clip_low,0.0,False
V222_isna,0.0,False
V221_clip_high,0.0,False
V221_clip_low,0.0,False
V221_isna,0.0,False
V220,0.0,False
V220_clip_high,0.0,False
V220_clip_low,0.0,False
V220_isna,0.0,False
V219,0.0,False
V219_clip_high,0.0,False
V219_clip_low,0.0,False
V219_isna,0.0,False
V218,0.0,False
V218_clip_high,0.0,False
V218_clip_low,0.0,False
V226_isna,0.0,False
V225,0.0,False
V225_clip_high,0.0,False
V225_clip_low,0.0,False
V225_isna,0.0,False
V224,0.0,False
V224_clip_high,0.0,False
V224_clip_low,0.0,False
V224_isna,0.0,False
V223,0.0,False
V223_clip_high,0.0,False
V223_clip_low,0.0,False
V223_isna,0.0,False
V222_clip_high,0.0,False
V222_clip_low,0.0,False
V230_isna,0.0,False
V229,0.0,False
V229_clip_high,0.0,False
V229_clip_low,0.0,False
V229_isna,0.0,False
V228,0.0,False
V228_clip_high,0.0,False
V228_clip_low,0.0,False
V228_isna,0.0,False
V227,0.0,False
V227_clip_high,0.0,False
V227_clip_low,0.0,False
V227_isna,0.0,False
V226,0.0,False
V226_clip_high,0.0,False
V226_clip_low,0.0,False
V234_isna,0.0,False
V233,0.0,False
V233_clip_high,0.0,False
V233_clip_low,0.0,False
V233_isna,0.0,False
V232,0.0,False
V232_clip_high,0.0,False
V232_clip_low,0.0,False
V232_isna,0.0,False
V231,0.0,False
V231_clip_high,0.0,False
V231_clip_low,0.0,False
V231_isna,0.0,False
V230,0.0,False
V230_clip_high,0.0,False
V230_clip_low,0.0,False
V238_isna,0.0,False
V237,0.0,False
V237_clip_high,0.0,False
V237_clip_low,0.0,False
V237_isna,0.0,False
V236,0.0,False
V236_clip_high,0.0,False
V236_clip_low,0.0,False
V236_isna,0.0,False
V235,0.0,False
V235_clip_high,0.0,False
V235_clip_low,0.0,False
V235_isna,0.0,False
V234,0.0,False
V234_clip_high,0.0,False
V234_clip_low,0.0,False
V242_isna,0.0,False
V241,0.0,False
V241_clip_high,0.0,False
V241_clip_low,0.0,False
V241_isna,0.0,False
V240,0.0,False
V240_clip_high,0.0,False
V240_clip_low,0.0,False
V240_isna,0.0,False
V239,0.0,False
V239_clip_high,0.0,False
V239_clip_low,0.0,False
V239_isna,0.0,False
V238,0.0,False
V238_clip_high,0.0,False
V238_clip_low,0.0,False
V246_isna,0.0,False
V245_clip_high,0.0,False
V245_clip_low,0.0,False
V245_isna,0.0,False
V244,0.0,False
V244_clip_high,0.0,False
V244_clip_low,0.0,False
V244_isna,0.0,False
V243,0.0,False
V243_clip_high,0.0,False
V243_clip_low,0.0,False
V243_isna,0.0,False
V242,0.0,False
V242_clip_high,0.0,False
V242_clip_low,0.0,False
V250_isna,0.0,False
V249,0.0,False
V249_clip_high,0.0,False
V249_clip_low,0.0,False
V249_isna,0.0,False
V248,0.0,False
V248_clip_high,0.0,False
V248_clip_low,0.0,False
V248_isna,0.0,False
V247,0.0,False
V247_clip_high,0.0,False
V247_clip_low,0.0,False
V247_isna,0.0,False
V246,0.0,False
V246_clip_high,0.0,False
V246_clip_low,0.0,False
V254_isna,0.0,False
V253,0.0,False
V253_clip_high,0.0,False
V253_clip_low,0.0,False
V253_isna,0.0,False
V252,0.0,False
V252_clip_high,0.0,False
V252_clip_low,0.0,False
V252_isna,0.0,False
V251_clip_high,0.0,False
V251_clip_low,0.0,False
V251_isna,0.0,False
V250_clip_high,0.0,False
V250_clip_low,0.0,False
V258_isna,0.0,False
V257,0.0,False
V257_clip_high,0.0,False
V257_clip_low,0.0,False
V257_isna,0.0,False
C8_clip_low,0.0,False
C7_clip_high,0.0,False
C7_clip_low,0.0,False
C6_clip_high,0.0,False
C6_clip_low,0.0,False
C5_clip_high,0.0,False
C5_clip_low,0.0,False
D1_isna,0.0,False
C14_clip_high,0.0,False
C14_clip_low,0.0,False
V256_clip_high,0.0,False
V256_clip_low,0.0,False
V256_isna,0.0,False
V255_clip_high,0.0,False
V255_clip_low,0.0,False
V255_isna,0.0,False
V254,0.0,False
V254_clip_high,0.0,False
V254_clip_low,0.0,False
V262_isna,0.0,False
V261_clip_high,0.0,False
V261_clip_low,0.0,False
V261_isna,0.0,False
V260_clip_high,0.0,False
V260_clip_low,0.0,False
V260_isna,0.0,False
V259_clip_high,0.0,False
V259_clip_low,0.0,False
V259_isna,0.0,False
V258,0.0,False
V258_clip_high,0.0,False
V258_clip_low,0.0,False
V266_isna,0.0,False
V265,0.0,False
V265_clip_high,0.0,False
V265_clip_low,0.0,False
V265_isna,0.0,False
V264,0.0,False
V264_clip_high,0.0,False
V264_clip_low,0.0,False
V264_isna,0.0,False
V263,0.0,False
V263_clip_high,0.0,False
V263_clip_low,0.0,False
V263_isna,0.0,False
V262_clip_high,0.0,False
V262_clip_low,0.0,False
V270_isna,0.0,False
V269,0.0,False
V269_clip_high,0.0,False
V269_clip_low,0.0,False
V269_isna,0.0,False
V268,0.0,False
V268_clip_high,0.0,False
V268_clip_low,0.0,False
V268_isna,0.0,False
V267,0.0,False
V267_clip_high,0.0,False
V267_clip_low,0.0,False
V267_isna,0.0,False
V266,0.0,False
V266_clip_high,0.0,False
V266_clip_low,0.0,False
V274_isna,0.0,False
V273,0.0,False
V273_clip_high,0.0,False
V273_clip_low,0.0,False
V273_isna,0.0,False
V272,0.0,False
V272_clip_high,0.0,False
V272_clip_low,0.0,False
V272_isna,0.0,False
V271,0.0,False
V271_clip_high,0.0,False
V271_clip_low,0.0,False
V271_isna,0.0,False
V270,0.0,False
V270_clip_high,0.0,False
V270_clip_low,0.0,False
V278_isna,0.0,False
V277,0.0,False
V277_clip_high,0.0,False
V277_clip_low,0.0,False
V277_isna,0.0,False
V276,0.0,False
V276_clip_high,0.0,False
V276_clip_low,0.0,False
V276_isna,0.0,False
V275,0.0,False
V275_clip_high,0.0,False
V275_clip_low,0.0,False
V275_isna,0.0,False
V274,0.0,False
V274_clip_high,0.0,False
V274_clip_low,0.0,False
V282_isna,0.0,False
V281,0.0,False
V281_clip_high,0.0,False
V281_clip_low,0.0,False
V281_isna,0.0,False
V280_clip_high,0.0,False
V280_clip_low,0.0,False
V280_isna,0.0,False
V279_clip_high,0.0,False
V279_clip_low,0.0,False
V279_isna,0.0,False
V278,0.0,False
V278_clip_high,0.0,False
V278_clip_low,0.0,False
V286_isna,0.0,False
TransactionAmt_clip_high,0.0,False
V285_clip_high,0.0,False
V285_clip_low,0.0,False
V285_isna,0.0,False
C2_clip_high,0.0,False
C2_clip_low,0.0,False
C1_clip_high,0.0,False
C1_clip_low,0.0,False
dist2_clip_high,0.0,False
dist2_clip_low,0.0,False
dist2_isna,0.0,False
C9_clip_high,0.0,False
C9_clip_low,0.0,False
C8_clip_high,0.0,False
V284,0.0,False
V284_clip_high,0.0,False
V284_clip_low,0.0,False
V284_isna,0.0,False
V283_clip_high,0.0,False
V283_clip_low,0.0,False
V283_isna,0.0,False
V282_clip_high,0.0,False
V282_clip_low,0.0,False
V290_isna,0.0,False
V289_clip_high,0.0,False
V289_clip_low,0.0,False
V289_isna,0.0,False
V334_isna,0.0,False
V288_clip_high,0.0,False
V288_clip_low,0.0,False
V288_isna,0.0,False
V287_clip_high,0.0,False
V287_clip_low,0.0,False
V287_isna,0.0,False
V286,0.0,False
V286_clip_high,0.0,False
V286_clip_low,0.0,False
V294_isna,0.0,False
V293,0.0,False
V293_clip_high,0.0,False
V293_clip_low,0.0,False
V293_isna,0.0,False
V292_clip_high,0.0,False
V292_clip_low,0.0,False
V292_isna,0.0,False
V291_clip_high,0.0,False
V291_clip_low,0.0,False
V291_isna,0.0,False
V290,0.0,False
V290_clip_high,0.0,False
V290_clip_low,0.0,False
V298_isna,0.0,False
V297,0.0,False
V297_clip_high,0.0,False
V297_clip_low,0.0,False
V297_isna,0.0,False
V296,0.0,False
V296_clip_high,0.0,False
V296_clip_low,0.0,False
V296_isna,0.0,False
V295,0.0,False
V295_clip_high,0.0,False
V295_clip_low,0.0,False
V295_isna,0.0,False
V294_clip_high,0.0,False
V294_clip_low,0.0,False
V302_isna,0.0,False
V301,0.0,False
V301_clip_high,0.0,False
V301_clip_low,0.0,False
V301_isna,0.0,False
V300,0.0,False
V300_clip_high,0.0,False
V300_clip_low,0.0,False
V300_isna,0.0,False
V299,0.0,False
V299_clip_high,0.0,False
V299_clip_low,0.0,False
V299_isna,0.0,False
V298,0.0,False
V298_clip_high,0.0,False
V298_clip_low,0.0,False
V306_isna,0.0,False
V305,0.0,False
V305_clip_high,0.0,False
V305_clip_low,0.0,False
V305_isna,0.0,False
V304_clip_high,0.0,False
V304_clip_low,0.0,False
V304_isna,0.0,False
V303_clip_high,0.0,False
V303_clip_low,0.0,False
V303_isna,0.0,False
V302,0.0,False
V302_clip_high,0.0,False
V302_clip_low,0.0,False
V310_isna,0.0,False
V309,0.0,False
V309_clip_high,0.0,False
V309_clip_low,0.0,False
V309_isna,0.0,False
V308_clip_high,0.0,False
V308_clip_low,0.0,False
V308_isna,0.0,False
V307_clip_high,0.0,False
V307_clip_low,0.0,False
V307_isna,0.0,False
V306_clip_high,0.0,False
V306_clip_low,0.0,False
V314_isna,0.0,False
V313_clip_high,0.0,False
V313_clip_low,0.0,False
V313_isna,0.0,False
V312_clip_high,0.0,False
V312_clip_low,0.0,False
V312_isna,0.0,False
V311,0.0,False
V311_clip_high,0.0,False
V311_clip_low,0.0,False
V311_isna,0.0,False
V335_clip_high,0.0,False
V310_clip_high,0.0,False
V310_clip_low,0.0,False
V318_isna,0.0,False
V317_clip_high,0.0,False
V317_clip_low,0.0,False
V317_isna,0.0,False
addr2_clip_low,0.0,False
addr2_isna,0.0,False
addr1_clip_high,0.0,False
addr1_clip_low,0.0,False
addr1_isna,0.0,False
card5_clip_high,0.0,False
card5_clip_low,0.0,False
card5_isna,0.0,False
card3_clip_low,0.0,False
C4_clip_high,0.0,False
C4_clip_low,0.0,False
C3,0.0,False
C3_clip_high,0.0,False
C3_clip_low,0.0,False
V316,0.0,False
V316_clip_high,0.0,False
V316_clip_low,0.0,False
V316_isna,0.0,False
V315_clip_high,0.0,False
V315_clip_low,0.0,False
V315_isna,0.0,False
V314_clip_high,0.0,False
V314_clip_low,0.0,False
V322_isna,0.0,False
V321,0.0,False
V321_clip_high,0.0,False
V321_clip_low,0.0,False
V321_isna,0.0,False
V320,0.0,False
V320_clip_high,0.0,False
V320_clip_low,0.0,False
V320_isna,0.0,False
V319,0.0,False
V319_clip_high,0.0,False
V319_clip_low,0.0,False
V319_isna,0.0,False
V318,0.0,False
V318_clip_high,0.0,False
V318_clip_low,0.0,False
V326_isna,0.0,False
V325,0.0,False
V325_clip_high,0.0,False
V325_clip_low,0.0,False
V325_isna,0.0,False
V324,0.0,False
V324_clip_high,0.0,False
V324_clip_low,0.0,False
V324_isna,0.0,False
V323,0.0,False
V323_clip_high,0.0,False
V323_clip_low,0.0,False
V323_isna,0.0,False
V322,0.0,False
V322_clip_high,0.0,False
V322_clip_low,0.0,False
V330_isna,0.0,False
V329,0.0,False
V329_clip_high,0.0,False
V329_clip_low,0.0,False
V329_isna,0.0,False
V328,0.0,False
V328_clip_high,0.0,False
V328_clip_low,0.0,False
V328_isna,0.0,False
V327,0.0,False
V327_clip_high,0.0,False
V327_clip_low,0.0,False
V327_isna,0.0,False
V326,0.0,False
V326_clip_high,0.0,False
V326_clip_low,0.0,False
card3_isna,0.0,False
V337,0.0,False
V337_clip_high,0.0,False
V337_clip_low,0.0,False
V337_isna,0.0,False
TransactionDT_clip_high,0.0,False
is_midnight_flag,0.0,False
V333,0.0,False
V338_isna,0.0,False
V339,0.0,False
V339_clip_high,0.0,False
V339_clip_low,0.0,False
V339_isna,0.0,False
V338,0.0,False
V338_clip_high,0.0,False
V338_clip_low,0.0,False
card1_clip_low,0.0,False
card1_clip_high,0.0,False
card2_isna,0.0,False
card2_clip_low,0.0,False
card2_clip_high,0.0,False
dist1_clip_high,0.0,False
dist1_clip_low,0.0,False
dist1_isna,0.0,False
addr2,0.0,False
addr2_clip_high,0.0,False
V336,0.0,False
V336_clip_high,0.0,False
V336_clip_low,0.0,False
V336_isna,0.0,False
V335,0.0,False
TransactionAmt_clip_low,0.0,False
