feature,importance
card1,1698
card2,1349
card1_amount_ratio,1319
addr1,1279
TransactionAmt,977
uid_amt_std,892
D15,743
C13,730
uid_amt_mean,699
D1,604
dist1,582
D10,555
card5,554
uid_amt_zscore,551
card1_amount_delta,532
uid_amt_min,532
uid_freq,522
uid_amt_max,509
TransactionDT_hour,489
D2,461
D4,458
C1,452
D8,426
C14,400
D11,381
uid_txn_count_86400s,378
C2,371
TransactionDT_dow,347
C6,345
C11,280
C9,245
V313,236
V310,230
dist2,202
D5,201
D3,193
C5,186
V315,179
log_TransactionAmt,164
V314,162
card3,154
V307,143
D9,128
V312,121
V285,119
V130,119
C10,119
V317,111
C8,110
D13,108
C12,103
V82,98
uid_txn_count,98
V308,97
is_integer_amount,97
V160,95
V54,92
V258,92
V281,88
V87,84
V165,83
V294,82
V62,81
V127,80
D14,80
V61,77
V20,75
V78,72
V38,69
V320,68
D6,67
D14_isna,66
C4,65
V13,65
V19,64
V311,64
V136,63
V76,63
V67,62
V283,61
V83,57
V291,56
V36,53
V5,53
V12,53
card2_isna,51
V49,51
V133,51
V53,50
V282,49
V75,48
V56,48
V30,47
V131,46
uid_txn_count_3600s,46
D12,45
V70,44
V296,44
V261,43
V267,42
V86,42
V55,42
V226,41
V164,41
V306,41
V76_clip_high,41
card3_clip_high,38
V53_isna,38
V66,37
V45_clip_high,37
V62_clip_high,37
time_of_day,37
V277,37
V91,37
V128,36
V35,36
D7,36
V224,36
V332,35
C3_clip_high,35
V266,35
V309,34
V90,34
V99,33
V289,33
V143,33
V166,33
V48,33
V187,33
V159,32
V45,32
V339_isna,32
V77,32
V139,32
V4,31
V234,31
D3_isna,31
V11,31
V26,30
V135,30
V169,30
V264,30
V152,30
V35_clip_high,29
V23,29
V96,29
V206,29
V129,28
V316,28
V259,28
V272,27
V321,27
V209,27
V24,27
addr2_isna,26
V87_clip_high,26
D15_isna,26
V189,25
dist2_isna,25
D13_isna,25
V156_clip_high,25
V203,25
V210,25
V29,24
V245,24
V270,24
V271,24
V149,24
V69,24
C7,23
dist1_isna,23
V83_clip_high,23
V102,23
V208,22
V207,22
V44,22
card5_isna,22
V318,22
V34,22
V124,22
V221,22
V126,22
V156,22
D1_isna,21
V300,21
V10,21
TransactionDT_clip_low,21
V2,21
TransactionDT_clip_high,21
V29_clip_high,21
V336,20
V12_clip_high,20
V268,20
V53_clip_high,20
V137,19
V274,19
V331,19
V132,19
V265,19
V263,18
V204,18
V201,18
V52,18
V40,18
V286,18
V149_clip_high,17
V75_clip_high,17
D4_isna,17
V124_clip_high,17
V74,17
V262,17
V335,17
V251,16
V280,16
V7,16
V248,16
V216,16
V37,16
V205,16
V51,16
V293,16
V115,15
V13_clip_high,15
V287,15
V232,15
card2_clip_high,15
V260,15
V177,14
V6,14
V319,14
V333,14
card5_clip_high,14
card5_clip_low,14
V276,14
V81,14
V288,14
D2_isna,14
V48_clip_high,14
V37_clip_high,14
V134,14
V79_clip_high,14
V222,14
V227,14
V220,14
V215,14
V85,13
V43,13
V292,13
addr2_clip_low,13
V200,13
V217,13
V145,13
V108_clip_high,13
V171,12
V326,12
V298,12
V140,12
V72,12
D11_isna,12
V218_isna,12
V59,12
D5_isna,12
V73,12
V167_isna,12
V150,12
V243,12
C1_clip_low,12
D9_isna,12
V338,11
V301,11
V324,11
V50,11
V303,11
V304,11
V94,11
C5_clip_high,11
V3_clip_high,11
D7_isna,11
V289_clip_high,11
V323,11
V283_clip_high,10
V213,10
card3_clip_low,10
V170,10
addr1_clip_low,10
V25,10
V339,10
V162,10
V50_clip_high,10
V54_clip_high,10
V4_clip_high,10
V212,9
V178,9
D6_isna,9
C12_clip_high,9
V269,9
V278,9
V86_clip_high,9
V202,9
card1_clip_high,9
V60,9
V42_clip_high,8
V97,8
V57_isna,8
V18,8
V147,8
V8,8
V141_isna,8
V151,8
V219,8
V183,8
V233,8
V3,8
D10_isna,8
V273,8
V184,8
V227_clip_high,8
V9,8
V161,8
V297,7
V211,7
V197_clip_high,7
V256_clip_high,7
V257,7
V275,7
V225,7
V146,7
V92,7
V10_clip_high,7
V77_isna,7
V77_clip_high,7
V74_clip_high,7
V46,7
V47,7
V337,7
V185,6
V323_isna,6
V295,6
V64,6
V100,6
V125,6
V36_clip_high,6
V282_clip_high,6
V63,6
V80_clip_high,6
V182,6
V231,6
V55_clip_high,6
V58_clip_high,6
V15,6
V35_isna,6
V181,6
V101,6
V214,6
V105,6
V176,5
V158,5
V322,5
V25_clip_high,5
V92_clip_high,5
V334,5
V46_clip_low,5
V109,5
V171_isna,5
addr1_isna,5
V44_clip_low,5
V172,5
V144,5
V71,5
V199,5
V224_clip_high,5
V229,5
V244,5
V301_clip_high,5
D8_isna,5
V139_clip_high,5
V282_isna,5
V97_isna,4
V218,4
V80,4
V157,4
V39,4
V116,4
V313_clip_high,4
V47_clip_high,4
V309_clip_high,4
V52_clip_high,4
V82_clip_high,4
V51_clip_high,4
V246,4
V33,4
V81_clip_high,4
V255,4
V174,4
V236,4
V228,4
V188,4
V14_clip_low,4
V60_clip_high,4
V64_clip_high,4
V290,4
V6_clip_high,4
V163_clip_high,4
is_first_trx,4
V111_clip_high,4
V180,4
V175,4
V284_clip_high,4
card1_clip_low,4
V281_clip_high,4
V78_clip_low,4
V190,4
V155,3
V40_clip_high,3
V31,3
V93,3
V154,3
V44_clip_high,3
C14_clip_high,3
V192,3
V58,3
V279,3
V56_clip_high,3
V179,3
V123,3
V45_clip_low,3
V167,3
V103,3
V84_clip_high,3
V106,3
V238,3
V222_isna,3
V91_clip_high,3
V237,3
C2_clip_low,3
V271_clip_high,3
V294_clip_high,3
is_midnight_flag,3
V299,3
V95,3
card3_isna,3
V315_clip_high,3
V335_clip_high,2
V15_isna,2
V59_clip_high,2
V79,2
V168_isna,2
V177_clip_high,2
V248_clip_high,2
dist2_clip_high,2
V22,2
V151_clip_high,2
V217_isna,2
V67_clip_high,2
V98_clip_high,2
V42,2
V168,2
V288_clip_high,2
V103_clip_high,2
V99_clip_high,2
V3_isna,2
V84,2
V32,2
V296_clip_high,2
V302_clip_high,2
V142,2
V300_clip_high,2
V170_isna,2
V17,2
V39_clip_high,2
V311_clip_high,2
V178_clip_high,2
V223,2
V125_clip_high,2
V223_clip_high,2
V230,2
V85_clip_high,2
V322_isna,2
V320_clip_high,2
V116_clip_high,2
V105_clip_high,2
V329,2
addr1_clip_high,2
C4_clip_high,2
V22_clip_high,1
V21,1
V38_clip_high,1
V34_clip_high,1
V256,1
V219_isna,1
V150_clip_high,1
V148,1
V195,1
V169_isna,1
V330,1
V162_clip_high,1
V70_clip_high,1
V234_clip_high,1
V234_isna,1
V173_clip_high,1
V76_isna,1
V5_clip_high,1
V158_clip_high,1
V235,1
V239,1
V73_clip_high,1
V97_clip_high,1
V249,1
V120_clip_high,1
V104,1
V253,1
V253_clip_high,1
V254,1
V254_clip_high,1
V96_clip_high,1
V104_clip_high,1
V302,1
V132_clip_high,1
V261_clip_high,1
V175_clip_high,1
V96_isna,1
V187_clip_high,1
V281_isna,1
V279_clip_high,1
V135_clip_high,1
V9_clip_high,1
D4_clip_high,1
D3_clip_high,1
V16_clip_high,1
D1_clip_high,1
V141_clip_high,1
V49_clip_high,1
V56_isna,1
V287_clip_high,1
V164_clip_high,1
V123_clip_high,1
V293_clip_high,1
V106_clip_high,1
V61_clip_high,1
V173,1
C11_clip_high,1
V38_isna,1
V57_clip_high,1
C11_clip_low,1
V163,1
V63_clip_high,1
V306_clip_high,1
V304_clip_high,1
V193,1
V310_clip_high,1
V112_clip_high,1
V308_clip_high,1
V307_clip_high,1
V38_clip_low,1
V37_clip_low,1
V318_clip_high,1
V37_isna,1
C7_clip_high,1
V188_clip_high,1
V7_clip_high,1
V127_clip_high,1
V212_clip_high,1
V2_isna,1
dist1_clip_high,1
V216_clip_high,1
V326_isna,1
V186,1
V24_clip_high,1
V93_clip_high,1
V221_isna,1
V327,1
V23_clip_low,1
V20_clip_high,1
V71_clip_low,0
V71_isna,0
V70_clip_low,0
V70_isna,0
V69_clip_high,0
V69_clip_low,0
V76_clip_low,0
V75_clip_low,0
V75_isna,0
V74_clip_low,0
V74_isna,0
V73_clip_low,0
V81_isna,0
V80_clip_low,0
V80_isna,0
V79_clip_low,0
V79_isna,0
V78_clip_high,0
V78_isna,0
V77_clip_low,0
V85_isna,0
V84_clip_low,0
V84_isna,0
V83_clip_low,0
V83_isna,0
V82_clip_low,0
V82_isna,0
V10_isna,0
V9_clip_low,0
V9_isna,0
V8_clip_high,0
V8_clip_low,0
V8_isna,0
V15_clip_high,0
V15_clip_low,0
V14,0
V14_clip_high,0
V81_clip_low,0
V89_isna,0
V88,0
V88_clip_high,0
V88_clip_low,0
V88_isna,0
V87_clip_low,0
V87_isna,0
V86_clip_low,0
V86_isna,0
V85_clip_low,0
V93_isna,0
V92_clip_low,0
V92_isna,0
V91_clip_low,0
V91_isna,0
V90_clip_high,0
V90_clip_low,0
V90_isna,0
V89,0
V89_clip_high,0
V89_clip_low,0
V96_clip_low,0
V95_clip_high,0
V95_clip_low,0
V95_isna,0
V94_clip_high,0
V94_clip_low,0
V94_isna,0
V93_clip_low,0
V101_isna,0
V100_clip_high,0
V100_clip_low,0
V100_isna,0
V99_clip_low,0
V99_isna,0
V98,0
V98_clip_low,0
V98_isna,0
V97_clip_low,0
V105_isna,0
V104_clip_low,0
V104_isna,0
V103_clip_low,0
V103_isna,0
V102_clip_high,0
V102_clip_low,0
V102_isna,0
V101_clip_high,0
V101_clip_low,0
V109_isna,0
V108,0
V108_clip_low,0
V108_isna,0
V107,0
V107_clip_high,0
V107_clip_low,0
V107_isna,0
V106_clip_low,0
V106_isna,0
V105_clip_low,0
V113_isna,0
V112,0
V112_clip_low,0
V112_isna,0
V111,0
V111_clip_low,0
V111_isna,0
V110,0
V110_clip_high,0
V110_clip_low,0
V110_isna,0
C14_clip_low,0
V109_clip_high,0
V109_clip_low,0
V117_isna,0
V116_clip_low,0
V116_isna,0
V115_clip_high,0
V115_clip_low,0
V115_isna,0
V114,0
V114_clip_high,0
V114_clip_low,0
V114_isna,0
V113,0
V113_clip_high,0
V113_clip_low,0
V121_isna,0
V120,0
V120_clip_low,0
V120_isna,0
V119,0
V119_clip_high,0
V119_clip_low,0
V119_isna,0
V118,0
V118_clip_high,0
V118_clip_low,0
V118_isna,0
V117,0
V117_clip_high,0
V117_clip_low,0
V125_isna,0
V124_clip_low,0
V124_isna,0
V123_clip_low,0
V123_isna,0
V122,0
V122_clip_high,0
V122_clip_low,0
V122_isna,0
V121,0
V121_clip_high,0
V121_clip_low,0
V129_clip_low,0
V129_isna,0
V128_clip_high,0
V128_clip_low,0
V128_isna,0
V127_clip_low,0
V127_isna,0
V126_clip_high,0
V126_clip_low,0
V126_isna,0
V125_clip_low,0
V133_clip_low,0
V133_isna,0
V132_clip_low,0
V132_isna,0
V131_clip_high,0
V131_clip_low,0
V131_isna,0
V130_clip_high,0
V130_clip_low,0
V130_isna,0
V129_clip_high,0
V137_clip_low,0
V137_isna,0
V136_clip_high,0
V136_clip_low,0
V136_isna,0
V135_clip_low,0
V135_isna,0
V134_clip_high,0
V134_clip_low,0
V134_isna,0
V133_clip_high,0
V141_clip_low,0
V140_clip_high,0
V140_clip_low,0
V140_isna,0
V139_clip_low,0
V139_isna,0
V138,0
V138_clip_high,0
V138_clip_low,0
V138_isna,0
V137_clip_high,0
V145_clip_low,0
V145_isna,0
V144_clip_high,0
V144_clip_low,0
V144_isna,0
V143_clip_high,0
V143_clip_low,0
V143_isna,0
V142_clip_high,0
V6_clip_low,0
V6_isna,0
V5_clip_low,0
V5_isna,0
V4_clip_low,0
V4_isna,0
V11_clip_high,0
V11_clip_low,0
V11_isna,0
V10_clip_low,0
V142_clip_low,0
V142_isna,0
V141,0
V149_clip_low,0
V149_isna,0
V148_clip_high,0
V148_clip_low,0
V148_isna,0
V147_clip_high,0
V147_clip_low,0
V147_isna,0
V146_clip_high,0
V146_clip_low,0
V146_isna,0
V145_clip_high,0
V154_isna,0
V153_clip_high,0
V153_clip_low,0
V153_isna,0
V152_clip_high,0
V152_clip_low,0
V152_isna,0
V151_clip_low,0
V151_isna,0
V150_clip_low,0
V150_isna,0
V159_isna,0
V158_clip_low,0
V158_isna,0
V157_clip_high,0
V157_clip_low,0
V157_isna,0
V156_clip_low,0
V33_clip_high,0
V33_clip_low,0
V33_isna,0
V32_clip_high,0
V32_clip_low,0
V32_isna,0
C13_clip_low,0
C12_clip_low,0
C10_clip_high,0
V156_isna,0
V155_clip_high,0
V155_clip_low,0
V155_isna,0
V154_clip_high,0
V154_clip_low,0
V163_isna,0
V162_clip_low,0
V162_isna,0
V161_clip_high,0
V161_clip_low,0
V161_isna,0
V160_clip_high,0
V160_clip_low,0
V160_isna,0
V159_clip_high,0
V159_clip_low,0
V166_clip_high,0
V166_clip_low,0
V166_isna,0
V165_clip_high,0
V165_clip_low,0
V165_isna,0
V164_clip_low,0
V164_isna,0
V163_clip_low,0
V171_clip_low,0
V170_clip_high,0
V170_clip_low,0
V169_clip_high,0
V169_clip_low,0
V168_clip_high,0
V168_clip_low,0
V167_clip_high,0
V167_clip_low,0
V175_clip_low,0
V175_isna,0
V174_clip_high,0
V174_clip_low,0
V174_isna,0
V173_clip_low,0
V173_isna,0
V172_clip_high,0
V172_clip_low,0
V172_isna,0
V171_clip_high,0
V179_clip_high,0
V179_clip_low,0
V179_isna,0
V178_clip_low,0
V178_isna,0
V177_clip_low,0
V177_isna,0
V176_clip_high,0
V176_clip_low,0
V176_isna,0
V183_clip_high,0
V183_clip_low,0
V183_isna,0
V182_clip_high,0
V182_clip_low,0
V182_isna,0
V181_clip_high,0
V181_clip_low,0
V181_isna,0
V180_clip_high,0
V180_clip_low,0
V180_isna,0
C6_clip_high,0
C6_clip_low,0
C5_clip_low,0
V186_clip_low,0
V186_isna,0
V185_clip_high,0
V185_clip_low,0
V185_isna,0
V184_clip_high,0
V2_clip_high,0
V2_clip_low,0
V1,0
V1_clip_high,0
V1_clip_low,0
V1_isna,0
D15_clip_high,0
D15_clip_low,0
V7_clip_low,0
V7_isna,0
V184_clip_low,0
V184_isna,0
V188_clip_low,0
V188_isna,0
V187_clip_low,0
V187_isna,0
V186_clip_high,0
C10_clip_low,0
C9_clip_high,0
C9_clip_low,0
C8_clip_high,0
C8_clip_low,0
V336_clip_high,0
C7_clip_low,0
V336_clip_low,0
V192_clip_high,0
V192_clip_low,0
V192_isna,0
V191,0
V191_clip_high,0
V191_clip_low,0
V191_isna,0
V336_isna,0
V190_clip_high,0
V190_clip_low,0
V190_isna,0
V189_clip_high,0
V189_clip_low,0
V189_isna,0
V335_clip_low,0
V197_clip_low,0
V197_isna,0
V196,0
V196_clip_high,0
V196_clip_low,0
V196_isna,0
V195_clip_high,0
V195_clip_low,0
V195_isna,0
V194_clip_high,0
V194_clip_low,0
V194_isna,0
V335_isna,0
V193_clip_high,0
V193_clip_low,0
V193_isna,0
V202_clip_low,0
V202_isna,0
V201_clip_high,0
V201_clip_low,0
V201_isna,0
V200_clip_high,0
V200_clip_low,0
V200_isna,0
V334_clip_high,0
V199_clip_high,0
V199_clip_low,0
V199_isna,0
V198_clip_high,0
V198_clip_low,0
V198_isna,0
V206_clip_low,0
V206_isna,0
V205_clip_high,0
V205_clip_low,0
V205_isna,0
V204_clip_high,0
V204_clip_low,0
V204_isna,0
V203_clip_high,0
V203_clip_low,0
V203_isna,0
V202_clip_high,0
V210_clip_low,0
V210_isna,0
V209_clip_high,0
V209_clip_low,0
V209_isna,0
V208_clip_high,0
V208_clip_low,0
V208_isna,0
V207_clip_high,0
V207_clip_low,0
V207_isna,0
V206_clip_high,0
V214_clip_low,0
V214_isna,0
V213_clip_high,0
V213_clip_low,0
V213_isna,0
dist1_clip_low,0
V212_clip_low,0
V212_isna,0
V211_clip_high,0
V211_clip_low,0
V211_isna,0
V210_clip_high,0
V218_clip_low,0
V217_clip_high,0
V217_clip_low,0
uid_is_new,0
V21_isna,0
V216_clip_low,0
V216_isna,0
V215_clip_high,0
V215_clip_low,0
V215_isna,0
V20_clip_low,0
V214_clip_high,0
V222_clip_high,0
V222_clip_low,0
V250,0
V221_clip_high,0
V221_clip_low,0
V153,0
V220_clip_high,0
V220_clip_low,0
V220_isna,0
V219_clip_high,0
V219_clip_low,0
D13_clip_high,0
D13_clip_low,0
D12_clip_high,0
D12_clip_low,0
D12_isna,0
D11_clip_high,0
D11_clip_low,0
V198,0
V23_isna,0
V194,0
V197,0
V22_clip_low,0
V22_isna,0
V331_clip_high,0
V28,0
V28_clip_high,0
V28_clip_low,0
V28_isna,0
V35_clip_low,0
V338_isna,0
V337_clip_high,0
V34_clip_low,0
V34_isna,0
D10_clip_high,0
D10_clip_low,0
V3_clip_low,0
C13_clip_high,0
V44_isna,0
V43_clip_high,0
V218_clip_high,0
V226_clip_high,0
V226_clip_low,0
V226_isna,0
V225_clip_high,0
V225_clip_low,0
V225_isna,0
V43_clip_low,0
V224_clip_low,0
V224_isna,0
V43_isna,0
V42_clip_low,0
V223_clip_low,0
V223_isna,0
V42_isna,0
V230_clip_high,0
V230_clip_low,0
V230_isna,0
V41,0
V229_clip_high,0
V229_clip_low,0
V229_isna,0
V41_clip_high,0
V228_clip_high,0
V228_clip_low,0
V228_isna,0
V227_clip_low,0
V227_isna,0
V41_clip_low,0
V234_clip_low,0
V41_isna,0
V233_clip_high,0
V233_clip_low,0
V233_isna,0
V232_clip_high,0
V232_clip_low,0
V232_isna,0
V48_clip_low,0
V231_clip_high,0
V231_clip_low,0
V231_isna,0
V48_isna,0
V238_clip_high,0
V238_clip_low,0
V238_isna,0
V47_clip_low,0
V237_clip_high,0
V237_clip_low,0
V237_isna,0
V47_isna,0
V236_clip_high,0
V236_clip_low,0
V236_isna,0
V46_clip_high,0
V235_clip_high,0
V235_clip_low,0
V235_isna,0
V242,0
V242_clip_high,0
V242_clip_low,0
V242_isna,0
V241,0
V241_clip_high,0
V241_clip_low,0
V241_isna,0
V240,0
V240_clip_high,0
V240_clip_low,0
V240_isna,0
V46_isna,0
V239_clip_high,0
V239_clip_low,0
V239_isna,0
V247_isna,0
V45_isna,0
V246_clip_high,0
V246_clip_low,0
V246_isna,0
V245_clip_high,0
V245_clip_low,0
V245_isna,0
V14_isna,0
V244_clip_high,0
V244_clip_low,0
V244_isna,0
V243_clip_high,0
V243_clip_low,0
V243_isna,0
V251_clip_low,0
V251_isna,0
V250_clip_high,0
V250_clip_low,0
V250_isna,0
V13_clip_low,0
V249_clip_high,0
V249_clip_low,0
V249_isna,0
V13_isna,0
V248_clip_low,0
V248_isna,0
V247,0
V247_clip_high,0
V247_clip_low,0
TransactionAmt_clip_low,0
V12_clip_low,0
dist2_clip_low,0
V254_clip_low,0
V254_isna,0
V12_isna,0
V19_clip_high,0
V253_clip_low,0
V253_isna,0
V252,0
V252_clip_high,0
V252_clip_low,0
V252_isna,0
V251_clip_high,0
V256_clip_low,0
V256_isna,0
V255_clip_high,0
V255_clip_low,0
V255_isna,0
V19_clip_low,0
V19_isna,0
V18_clip_high,0
C4_clip_low,0
C3,0
C3_clip_low,0
C2_clip_high,0
V18_clip_low,0
C1_clip_high,0
V261_clip_low,0
V261_isna,0
V260_clip_high,0
V260_clip_low,0
V260_isna,0
V259_clip_high,0
V259_clip_low,0
V259_isna,0
V258_clip_high,0
V258_clip_low,0
V258_isna,0
V257_clip_high,0
V257_clip_low,0
V257_isna,0
V265_clip_high,0
V265_clip_low,0
V265_isna,0
V264_clip_high,0
V264_clip_low,0
V264_isna,0
V263_clip_high,0
V263_clip_low,0
V18_isna,0
V262_clip_high,0
D9_clip_low,0
D8_clip_high,0
D8_clip_low,0
V52_clip_low,0
D7_clip_high,0
D7_clip_low,0
D6_clip_high,0
D6_clip_low,0
D14_clip_high,0
D14_clip_low,0
V262_clip_low,0
V262_isna,0
V52_isna,0
V269_clip_high,0
V269_clip_low,0
V269_isna,0
V268_clip_high,0
V268_clip_low,0
V268_isna,0
V267_clip_high,0
V267_clip_low,0
V267_isna,0
V266_clip_high,0
V266_clip_low,0
V266_isna,0
V273_clip_high,0
V273_clip_low,0
V273_isna,0
V272_clip_high,0
V272_clip_low,0
V272_isna,0
V51_clip_low,0
V271_clip_low,0
V271_isna,0
V270_clip_high,0
V270_clip_low,0
V270_isna,0
V277_clip_high,0
V277_clip_low,0
V277_isna,0
V276_clip_high,0
V276_clip_low,0
V276_isna,0
V275_clip_high,0
V275_clip_low,0
V275_isna,0
V274_clip_high,0
V274_clip_low,0
V274_isna,0
V51_isna,0
V50_clip_low,0
V281_clip_low,0
V50_isna,0
V280_clip_high,0
V280_clip_low,0
V280_isna,0
TransactionAmt_clip_high,0
V49_clip_low,0
V279_clip_low,0
V279_isna,0
V278_clip_high,0
V278_clip_low,0
V278_isna,0
V286_clip_high,0
V286_clip_low,0
V286_isna,0
V49_isna,0
V285_clip_high,0
V285_clip_low,0
V285_isna,0
V284,0
V56_clip_low,0
V284_clip_low,0
V284_isna,0
V283_clip_low,0
V55_clip_low,0
D4_clip_low,0
V55_isna,0
V31_clip_high,0
V31_clip_low,0
V31_isna,0
V30_clip_high,0
V30_clip_low,0
V30_isna,0
V29_clip_low,0
V29_isna,0
V17_clip_high,0
V17_clip_low,0
V17_isna,0
V16,0
V54_clip_low,0
V16_clip_low,0
V16_isna,0
V23_clip_high,0
D3_clip_low,0
D2_clip_high,0
D2_clip_low,0
V54_isna,0
V338_clip_low,0
D9_clip_high,0
V283_isna,0
V53_clip_low,0
V282_clip_low,0
V290_clip_high,0
V290_clip_low,0
V290_isna,0
V289_clip_low,0
V289_isna,0
V61_isna,0
V288_clip_low,0
V288_isna,0
V60_clip_low,0
V60_isna,0
V59_clip_low,0
V287_clip_low,0
V287_isna,0
V59_isna,0
V294_clip_low,0
V294_isna,0
V58_clip_low,0
V293_clip_low,0
V293_isna,0
card2_clip_low,0
V292_clip_high,0
V292_clip_low,0
V292_isna,0
V58_isna,0
V291_clip_high,0
V57,0
V291_clip_low,0
V291_isna,0
V57_clip_low,0
V298_clip_high,0
V298_clip_low,0
V298_isna,0
V297_clip_high,0
V297_clip_low,0
V297_isna,0
V65_isna,0
V296_clip_low,0
V296_isna,0
V64_clip_low,0
V295_clip_high,0
V295_clip_low,0
V295_isna,0
V263_isna,0
V64_isna,0
V302_clip_low,0
V302_isna,0
V63_clip_low,0
V301_clip_low,0
V301_isna,0
V63_isna,0
V300_clip_low,0
V300_isna,0
V62_clip_low,0
V299_clip_high,0
V299_clip_low,0
V299_isna,0
V62_isna,0
V306_clip_low,0
V306_isna,0
V305,0
V305_clip_high,0
V305_clip_low,0
V305_isna,0
V339_clip_high,0
V61_clip_low,0
V304_clip_low,0
V304_isna,0
V339_clip_low,0
V69_isna,0
V303_clip_high,0
V303_clip_low,0
V303_isna,0
V311_isna,0
V68,0
V310_clip_low,0
V310_isna,0
V68_clip_high,0
V309_clip_low,0
V309_isna,0
V68_clip_low,0
V308_clip_low,0
V308_isna,0
V68_isna,0
V307_clip_low,0
V307_isna,0
V315_isna,0
V338_clip_high,0
V314_clip_high,0
V314_clip_low,0
V314_isna,0
V67_clip_low,0
V313_clip_low,0
V313_isna,0
V312_clip_high,0
V312_clip_low,0
V312_isna,0
V67_isna,0
V311_clip_low,0
V319_clip_low,0
V319_isna,0
V66_clip_high,0
V318_clip_low,0
V318_isna,0
V317_clip_high,0
V317_clip_low,0
V317_isna,0
V316_clip_high,0
V316_clip_low,0
V316_isna,0
V66_clip_low,0
V66_isna,0
V65,0
V65_clip_high,0
V65_clip_low,0
V315_clip_low,0
V323_clip_low,0
V73_isna,0
V72_clip_high,0
V322_clip_high,0
V322_clip_low,0
V72_clip_low,0
V321_clip_high,0
V321_clip_low,0
V321_isna,0
V72_isna,0
V320_clip_low,0
V320_isna,0
V319_clip_high,0
V327_clip_low,0
V327_isna,0
V326_clip_high,0
V326_clip_low,0
V71_clip_high,0
V325,0
V325_clip_high,0
V325_clip_low,0
V20_isna,0
V27,0
V27_clip_high,0
V27_clip_low,0
V27_isna,0
V26_clip_high,0
V26_clip_low,0
V26_isna,0
V36_clip_low,0
V25_clip_low,0
V25_isna,0
V36_isna,0
V24_clip_low,0
V24_isna,0
V40_clip_low,0
V325_isna,0
V324_clip_high,0
V324_clip_low,0
V324_isna,0
V323_clip_high,0
V331_clip_low,0
V331_isna,0
V21_clip_high,0
V330_clip_high,0
V330_clip_low,0
V330_isna,0
V40_isna,0
V329_clip_high,0
V329_clip_low,0
V329_isna,0
V328,0
V328_clip_high,0
V328_clip_low,0
V328_isna,0
V39_clip_low,0
V327_clip_high,0
uid_time_since_last,0
V334_clip_low,0
V332_isna,0
V334_isna,0
V333_clip_high,0
V333_clip_low,0
V333_isna,0
V332_clip_high,0
V332_clip_low,0
V337_clip_low,0
V337_isna,0
V39_isna,0
D5_clip_low,0
D1_clip_low,0
D5_clip_high,0
addr2,0
addr2_clip_high,0
V21_clip_low,0
